date,confirmed,deaths
2020-02-25,1,0
2020-02-26,1,0
2020-02-27,1,0
2020-02-28,2,0
2020-02-29,2,0
2020-03-01,2,0
2020-03-02,2,0
2020-03-03,2,0
2020-03-04,3,0
2020-03-05,7,0
2020-03-06,14,0
2020-03-07,19,0
2020-03-08,25,0
2020-03-09,25,0
2020-03-10,34,0
2020-03-11,53,0
2020-03-12,89,0
2020-03-13,106,0
2020-03-14,142,0
2020-03-15,225,0
2020-03-16,279,0
2020-03-17,333,1
2020-03-18,514,4
2020-03-19,643,7
2020-03-20,974,11
2020-03-21,1198,18
2020-03-22,1594,25
2020-03-23,1952,34
2020-03-24,2255,47
2020-03-25,2566,59
2020-03-26,2990,77
2020-03-27,3476,93
2020-03-28,3955,115
2020-03-29,4315,139
2020-03-30,4663,166
2020-03-31,5824,202
2020-04-01,6931,244
2020-04-02,8100,305
2020-04-03,9212,365
2020-04-04,10381,445
2020-04-05,11424,497
2020-04-06,12262,570
2020-04-07,14083,691
2020-04-08,16258,826
2020-04-09,18195,959
2020-04-10,19937,1073
2020-04-11,20992,1141
2020-04-12,22456,1237
2020-04-13,23868,1357
2020-04-14,25777,1557
2020-04-15,29019,1760
2020-04-16,31101,1962
2020-04-17,34397,2173
2020-04-18,37175,2375
2020-04-19,39197,2491
2020-04-20,40937,2598
2020-04-21,43679,2772
2020-04-22,46419,2941
2020-04-23,50298,3349
2020-04-24,54208,3722
2020-04-25,59507,4074
2020-04-26,63222,4301
2020-04-27,67367,4606
2020-04-28,73598,5094
2020-04-29,79799,5537
2020-04-30,87121,5980
2020-05-01,92665,6439
2020-05-02,97578,6810
2020-05-03,102023,7077
2020-05-04,109005,7381
2020-05-05,116412,7972
2020-05-06,126951,8597
2020-05-07,136687,9272
2020-05-08,147089,10026
2020-05-09,157251,10697
2020-05-10,163510,11175
2020-05-11,169729,11660
2020-05-12,179333,12502
2020-05-13,191028,13280
2020-05-14,205158,14069
2020-05-15,220620,14983
2020-05-16,234675,15702
2020-05-17,242344,16202
2020-05-18,256899,16924
2020-05-19,274382,18074
2020-05-20,294603,19059
2020-05-21,312746,20128
2020-05-22,334544,21159
2020-05-23,351554,22205
2020-05-24,366031,22863
2020-05-25,378810,23589
2020-05-26,395133,24644
2020-05-27,415331,25704
2020-05-28,443664,26893
2020-05-29,470554,28031
2020-05-30,502874,28895
2020-05-31,516096,29365
2020-06-01,531245,30107
2020-06-02,562917,31471
2020-06-03,589002,32665
2020-06-04,620952,34175
2020-06-05,653050,35251
2020-06-06,676840,36052
2020-06-07,694825,36528
2020-06-08,712160,37391
2020-06-09,743852,38584
2020-06-10,777641,39820
2020-06-11,806399,41089
2020-06-12,830654,41931
2020-06-13,851843,42788
2020-06-14,868635,43422
2020-06-15,893251,44186
2020-06-16,930233,45518
2020-06-17,961153,46703
2020-06-18,986670,47940
2020-06-19,1042725,49112
2020-06-20,1071579,50094
2020-06-21,1088145,50703
2020-06-22,1114633,51438
2020-06-23,1154133,52843
2020-06-24,1195186,53953
2020-06-25,1236650,55126
2020-06-26,1281531,56118
2020-06-27,1318449,57153
2020-06-28,1351439,57753
2020-06-29,1372878,58467
2020-06-30,1412558,59781
2020-07-01,1459383,60867
2020-07-02,1503781,62125
2020-07-03,1546819,63338
2020-07-04,1580385,64395
2020-07-05,1605577,64954
2020-07-06,1630029,65637
2020-07-07,1676725,66936
2020-07-08,1721974,68109
2020-07-09,1764930,69331
2020-07-10,1809240,70630
2020-07-11,1844186,71561
2020-07-12,1867843,72178
2020-07-13,1890382,73010
2020-07-14,1933152,74311
2020-07-15,1973716,75582
2020-07-16,2017554,76902
2020-07-17,2052234,78025
2020-07-18,2077928,78869
2020-07-19,2101144,79572
2020-07-20,2124152,80346
2020-07-21,2171079,81663
2020-07-22,2237229,82959
2020-07-23,2294555,84272
2020-07-24,2351305,85414
2020-07-25,2398833,86522
2020-07-26,2421503,87093
2020-07-27,2449501,87777
2020-07-28,2503496,89034
2020-07-29,2558935,90232
2020-07-30,2617096,91434
2020-07-31,2670238,92705
2020-08-01,2711763,93642
2020-08-02,2735981,94177
2020-08-03,2755928,94775
2020-08-04,2811939,96096
2020-08-05,2868616,97487
2020-08-06,2922350,98712
2020-08-07,2972008,99796
2020-08-08,3018122,100621
2020-08-09,3040863,101189
2020-08-10,3067485,101978
2020-08-11,3118070,103159
2020-08-12,3172946,104350
2020-08-13,3233770,105578
2020-08-14,3283227,106591
2020-08-15,3320078,107321
2020-08-16,3343114,107915
2020-08-17,3367250,108700
2020-08-18,3416112,110047
2020-08-19,3464419,111203
2020-08-20,3507370,112439
2020-08-21,3539936,113503
2020-08-22,3586055,114331
2020-08-23,3607890,114787
2020-08-24,3631014,115494
2020-08-25,3677303,116698
2020-08-26,3725436,117782
2020-08-27,3767790,118766
2020-08-28,3811784,119611
2020-08-29,3849381,120520
2020-08-30,3864046,120919
2020-08-31,3913910,121558
2020-09-01,3958085,122717
2020-09-02,4004680,123920
2020-09-03,4051501,124791
2020-09-04,4091389,125638
2020-09-05,4125264,126245
2020-09-06,4139961,126702
2020-09-07,4149501,127024
2020-09-08,4168262,127545
2020-09-09,4205375,128704
2020-09-10,4246120,129678
2020-09-11,4287571,130525
2020-09-12,4318440,131293
2020-09-13,4332459,131698
2020-09-14,4352784,132154
2020-09-15,4387523,133238
2020-09-16,4424899,134200
2020-09-17,4461298,135069
2020-09-18,4501015,135897
2020-09-19,4530570,136578
2020-09-20,4546008,136929
2020-09-21,4563333,137391
2020-09-22,4598592,138188
2020-09-23,4631316,139120
2020-09-24,4663326,139914
2020-09-25,4695634,140736
2020-09-26,4720349,141458
2020-09-27,4734134,141797
2020-09-28,4750999,142187
2020-09-29,4783728,143043
2020-09-30,4816721,144027
2020-10-01,4852496,144800
2020-10-02,4885312,145454
2020-10-03,4908044,146026
2020-10-04,4917033,146400
2020-10-05,4943077,146793
2020-10-06,4974599,147603
2020-10-07,5005531,148328
2020-10-08,5032347,149061
2020-10-09,5060081,149715
2020-10-10,5083834,150248
2020-10-11,5096023,150526
2020-10-12,5104656,150720
2020-10-13,5118010,151097
2020-10-14,5145847,151830
2020-10-15,5176270,152644
2020-10-16,5204863,153287
2020-10-17,5225639,153702
2020-10-18,5237689,153937
2020-10-19,5254266,154263
2020-10-20,5278029,154911
2020-10-21,5303882,155481
2020-10-22,5328647,155986
2020-10-23,5358559,156549
2020-10-24,5383623,156936
2020-10-25,5395876,157169
2020-10-26,5414483,157471
2020-10-27,5444438,157996
2020-10-28,5472813,158501
2020-10-29,5499497,159052
2020-10-30,5523861,159625
2020-10-31,5537027,159917
2020-11-01,5547214,160120
2020-11-02,5555463,160285
2020-11-03,5570044,160573
2020-11-04,5593357,161191
2020-11-05,5617199,161794
2020-11-06,5637399,162065
2020-11-07,5655142,162293
2020-11-08,5665644,162483
2020-11-09,5679056,162669
2020-11-10,5725477,162867
2020-11-11,5751721,163441
2020-11-12,5785622,164374
2020-11-13,5824337,164950
2020-11-14,5850614,165684
2020-11-15,5864519,165824
2020-11-16,5880260,166081
2020-11-17,5915748,166759
2020-11-18,5950278,167514
2020-11-19,5986259,168161
2020-11-20,6025117,168675
2020-11-21,6055338,169032
2020-11-22,6073263,169210
2020-11-23,6091419,169565
2020-11-24,6125948,170192
2020-11-25,6170571,170815
2020-11-26,6211453,171525
2020-11-27,6244960,172084
2020-11-28,6296444,172628
2020-11-29,6317452,172861
2020-11-30,6341143,173212
2020-12-01,6393127,173897
2020-12-02,6441599,174576
2020-12-03,6491732,175337
2020-12-04,6539401,176015
2020-12-05,6579682,176662
2020-12-06,6606112,177002
2020-12-07,6633131,177427
2020-12-08,6680926,178224
2020-12-09,6735507,179077
2020-12-10,6789053,179846
2020-12-11,6841598,180507
2020-12-12,6883919,181184
2020-12-13,6905948,181479
2020-12-14,6933321,181992
2020-12-15,6981348,182926
2020-12-16,7047468,183867
2020-12-17,7116157,184927
2020-12-18,7169003,185743
2020-12-19,7217242,186402
2020-12-20,7241724,186820
2020-12-21,7269364,187381
2020-12-22,7326025,188350
2020-12-23,7371692,189315
2020-12-24,7429901,190075
2020-12-25,7451081,190557
2020-12-26,7468614,190853
2020-12-27,7486226,191190
2020-12-28,7513661,191727
2020-12-29,7570028,192777
2020-12-30,7625621,193993
2020-12-31,7680082,195008
2021-01-01,7703019,195478
2021-01-02,7718370,195770
2021-01-03,7735559,196081
2021-01-04,7760589,196675
2021-01-05,7818670,197863
2021-01-06,7881151,199093
2021-01-07,7969106,200611
2021-01-08,8028682,201689
2021-01-09,8080070,202697
2021-01-10,8109097,203186
2021-01-11,8139836,203677
2021-01-12,8204251,204802
2021-01-13,8264057,206066
2021-01-14,8332374,207220
2021-01-15,8401461,208356
2021-01-16,8459899,209370
2021-01-17,8491313,209921
2021-01-18,8520237,210397
2021-01-19,8582374,211557
2021-01-20,8646844,212952
2021-01-21,8705781,214299
2021-01-22,8762372,215370
2021-01-23,8820666,216515
2021-01-24,8849183,217109
2021-01-25,8879711,217798
2021-01-26,8941309,218952
2021-01-27,9006070,220288
2021-01-28,9066814,221725
2021-01-29,9126298,222809
2021-01-30,9179408,224001
2021-01-31,9207306,224569
2021-02-01,9235785,225191
2021-02-02,9292047,226450
2021-02-03,9346448,227647
2021-02-04,9403548,228923
2021-02-05,9455229,230174
2021-02-06,9501538,231111
2021-02-07,9527699,231599
2021-02-08,9556277,232319
2021-02-09,9607482,233633
2021-02-10,9668576,234994
2021-02-11,9722174,236435
2021-02-12,9771107,237655
2021-02-13,9815959,238680
2021-02-14,9846679,239333
2021-02-15,9872480,239943
2021-02-16,9937744,241035
2021-02-17,9984960,242224
2021-02-18,10038426,243662
2021-02-19,10090563,244992
2021-02-20,10142933,246023
2021-02-21,10172416,246629
2021-02-22,10204246,247340
2021-02-23,10267810,248698
2021-02-24,10333187,250144
2021-02-25,10401462,251719
2021-02-26,10464846,253062
2021-02-27,10523259,254314
2021-02-28,10556620,255086
2021-03-01,10596992,255912
2021-03-02,10656676,257633
2021-03-03,10729569,259479
2021-03-04,10805565,261285
2021-03-05,10878058,262998
2021-03-06,10944959,264487
2021-03-07,11026643,265585
2021-03-08,11063211,266703
2021-03-09,11134496,268652
2021-03-10,11215954,271031
2021-03-11,11293013,273225
2021-03-12,11375477,275347
2021-03-13,11445820,277302
2021-03-14,11489265,278371
2021-03-15,11533564,279703
2021-03-16,11619194,282551
2021-03-17,11707834,285212
2021-03-18,11795752,287935
2021-03-19,11883842,290589
2021-03-20,11957141,292958
2021-03-21,12004582,294204
2021-03-22,12060545,295805
2021-03-23,12145733,298952
2021-03-24,12236625,301268
2021-03-25,12334871,303919
2021-03-26,12415209,307429
2021-03-27,12496901,310835
2021-03-28,12543856,312416
2021-03-29,12586462,314428
2021-03-30,12672888,318081
2021-03-31,12761601,322005
2021-04-01,12849360,325657
2021-04-02,12918731,328458
2021-04-03,12958081,330367
2021-04-04,12990395,331609
2021-04-05,13033060,333518
2021-04-06,13118180,337583
2021-04-07,13206856,341254
2021-04-08,13295394,345400
2021-04-09,13383491,349151
2021-04-10,13450028,351529
2021-04-11,13489201,353386
2021-04-12,13528841,355095
2021-04-13,13611481,358849
2021-04-14,13686065,362293
2021-04-15,13757241,365784
2021-04-16,13841615,369121
2021-04-17,13910170,371998
2021-04-18,13949004,373519
2021-04-19,13985511,375275
2021-04-20,14058139,378620
2021-04-21,14132121,381816
2021-04-22,14180222,383867
2021-04-23,14249499,386909
2021-04-24,14313273,389675
2021-04-25,14346912,391009
2021-04-26,14379299,392389
2021-04-27,14455126,395470
2021-04-28,14532394,398477
2021-04-29,14600997,401509
2021-04-30,14672997,404369
2021-05-01,14731286,406608
2021-05-02,14760573,407873
2021-05-03,14799544,408998
2021-05-04,14869074,411977
2021-05-05,14945440,414747
2021-05-06,15017721,417282
2021-05-07,15094551,419466
2021-05-08,15156300,421546
2021-05-09,15189020,422468
2021-05-10,15225307,423579
2021-05-11,15295389,425823
2021-05-12,15371626,428404
2021-05-13,15451644,430681
2021-05-14,15529554,432868
2021-05-15,15596902,434869
2021-05-16,15634461,435929
2021-05-17,15670045,437013
2021-05-18,15744844,439464
2021-05-19,15825101,441963
2021-05-20,15908479,444473
2021-05-21,15985100,446599
2021-05-22,16052993,448325
2021-05-23,16091483,449214
2021-05-24,16128949,450075
2021-05-25,16202975,452258
2021-05-26,16283206,454721
2021-05-27,16347726,456822
2021-05-28,16401601,459247
2021-05-29,16477462,461186
2021-05-30,16518909,462099
2021-05-31,16555508,463064
2021-06-01,16634412,465396
2021-06-02,16730682,467903
2021-06-03,16806743,469816
2021-06-04,16849911,471007
2021-06-05,16911571,472677
2021-06-06,16951914,473557
2021-06-07,16991615,474706
2021-06-08,17047318,477353
2021-06-09,17132164,479742
2021-06-10,17223395,482243
2021-06-11,17309701,484419
2021-06-12,17383461,486393
2021-06-13,17420443,487512
2021-06-14,17463128,488531
2021-06-15,17550247,491214
2021-06-16,17636766,493914
2021-06-17,17713231,496228
2021-06-18,17808663,498703
2021-06-19,17886593,500908
2021-06-20,17931174,501939
2021-06-21,17976570,502920
2021-06-22,18100809,505023
2021-06-23,18178193,507288
2021-06-24,18254803,509326
2021-06-25,18329853,511333
2021-06-26,18390515,512849
2021-06-27,18422493,513569
2021-06-28,18454542,514283
2021-06-29,18520490,516221
2021-06-30,18567618,518284
2021-07-01,18628737,520216
2021-07-02,18692302,522091
2021-07-03,18746031,523726
2021-07-04,18771491,524497
2021-07-05,18799420,525284
2021-07-06,18861092,527041
2021-07-07,18915238,528625
2021-07-08,18969372,530352
2021-07-09,19027812,531824
2021-07-10,19071927,532981
2021-07-11,19091071,533545
2021-07-12,19110282,534324
2021-07-13,19158833,535982
2021-07-14,19214922,537517
2021-07-15,19269304,539126
2021-07-16,19312207,540515
2021-07-17,19361236,541786
2021-07-18,19377978,542267
2021-07-19,19394721,542935
2021-07-20,19425855,544314
2021-07-21,19481683,545714
2021-07-22,19530356,547144
2021-07-23,19637460,548435
2021-07-24,19672107,549515
2021-07-25,19690362,549994
2021-07-26,19711795,550619
2021-07-27,19755378,551908
2021-07-28,19802418,553280
2021-07-29,19843734,554620
2021-07-30,19884099,555503
2021-07-31,19919182,556452
2021-08-01,19939534,556867
2021-08-02,19958395,557411
2021-08-03,19990874,558647
2021-08-04,20031402,559719
2021-08-05,20070881,560845
2021-08-06,20113543,561802
2021-08-07,20153073,562801
2021-08-08,20166966,563190
2021-08-09,20182499,563697
2021-08-10,20217958,564965
2021-08-11,20253396,566009
2021-08-12,20289247,567025
2021-08-13,20322238,567917
2021-08-14,20351534,568829
2021-08-15,20365300,569218
2021-08-16,20383475,569628
2021-08-17,20422468,570722
2021-08-18,20462630,571711
2021-08-19,20498638,572733
2021-08-20,20532844,573627
2021-08-21,20558164,574238
2021-08-22,20572108,574571
2021-08-23,20587750,574988
2021-08-24,20619558,575848
2021-08-25,20649518,576735
2021-08-26,20680437,577605
2021-08-27,20708189,578423
2021-08-28,20731133,579050
2021-08-29,20742396,579328
2021-08-30,20755192,579645
2021-08-31,20782029,580525
2021-09-01,20807769,581221
2021-09-02,20834790,582003
2021-09-03,20858394,582743
2021-09-04,20878717,583380
2021-09-05,20891376,583651
2021-09-06,20901547,583871
2021-09-07,20915150,584198
2021-09-08,20929331,584447
2021-09-09,20962151,585271
2021-09-10,20978604,585907
2021-09-11,20992362,586575
2021-09-12,21000223,586874
2021-09-13,21008869,587157
2021-09-14,21022438,587835
2021-09-15,21035713,588636
2021-09-16,21071159,589299
2021-09-17,21106492,589937
2021-09-18,21231368,590523
2021-09-19,21240541,590771
2021-09-20,21249824,591036
2021-09-21,21265199,591709
2021-09-22,21297781,592374
2021-09-23,21322692,593003
2021-09-24,21341352,593683
2021-09-25,21355211,594223
2021-09-26,21364067,594489
2021-09-27,21373404,594683
2021-09-28,21390281,595500
2021-09-29,21407164,596181
2021-09-30,21429112,596789
2021-10-01,21447163,597279
2021-10-02,21459549,597733
2021-10-03,21468702,597959
2021-10-04,21480219,598163
2021-10-05,21502356,598847
2021-10-06,21520899,599417
2021-10-07,21535509,599844
2021-10-08,21554040,600474
2021-10-09,21568843,600890
2021-10-10,21577255,601041
2021-10-11,21584247,601248
2021-10-12,21591602,601423
2021-10-13,21599969,601628
2021-10-14,21615193,602199
2021-10-15,21629483,602706
2021-10-16,21639242,603171
2021-10-17,21645427,603299
2021-10-18,21654743,603501
2021-10-19,21667970,603880
2021-10-20,21683675,604278
2021-10-21,21700658,604744
2021-10-22,21714053,605191
2021-10-23,21725958,605541
2021-10-24,21730494,605660
2021-10-25,21738319,605867
2021-10-26,21751662,606270
2021-10-27,21768778,606705
2021-10-28,21782463,607078
2021-10-29,21795142,607486
2021-10-30,21805154,607702
2021-10-31,21811284,607835
2021-11-01,21815909,607938
2021-11-02,21821827,608090
2021-11-03,21838127,608280
2021-11-04,21851373,608714
2021-11-05,21864364,609096
2021-11-06,21875537,609399
2021-11-07,21881198,609469
2021-11-08,21888073,609589
2021-11-09,21899882,609797
2021-11-10,21914862,610065
2021-11-11,21930400,610305
2021-11-12,21944996,610926
2021-11-13,21954354,611233
2021-11-14,21958655,611298
2021-11-15,21961398,611368
2021-11-16,21967962,611510
2021-11-17,21981074,611887
2021-11-18,21992475,612159
2021-11-19,22004846,612395
2021-11-20,22013062,612603
2021-11-21,22018150,612699
2021-11-22,22022759,612825
2021-11-23,22035185,613119
2021-11-24,22047430,613389
2021-11-25,22059705,613677
2021-11-26,22070576,613982
2021-11-27,22078445,614209
2021-11-28,22081981,614289
2021-11-29,22086470,614407
2021-11-30,22096769,614733
2021-12-01,22109034,615001
2021-12-02,22120962,615197
2021-12-03,22131582,615431
2021-12-04,22138988,615577
2021-12-05,22143680,615648
2021-12-06,22149695,615780
2021-12-07,22159828,616041
2021-12-08,22169960,616280
2021-12-09,22178711,616479
2021-12-10,22185774,616707
2021-12-11,22188458,616760
2021-12-12,22190073,616842
2021-12-13,22192843,616887
2021-12-14,22197215,617000
2021-12-15,22202290,617298
2021-12-16,22205949,617421
2021-12-17,22210309,617619
2021-12-18,22212690,617757
2021-12-19,22214148,617812
2021-12-20,22216786,617895
2021-12-21,22220516,617966
2021-12-22,22223938,618115
2021-12-23,22227655,618243
2021-12-24,22231683,618407
2021-12-25,22234905,618454
2021-12-26,22239867,618479
2021-12-27,22247981,618559
2021-12-28,22256616,618729
2021-12-29,22266165,618845
2021-12-30,22279040,618993
2021-12-31,22288635,619079
2022-01-01,22292179,619111
2022-01-02,22294625,619152
2022-01-03,22306924,619224
2022-01-04,22325868,619406
2022-01-05,22354269,619533
2022-01-06,22400934,619707
2022-01-07,22454282,619853
2022-01-08,22503036,619949
2022-01-09,22527473,619998
2022-01-10,22562148,620117
2022-01-11,22636108,620252
2022-01-12,22725154,620391
2022-01-13,22822382,620587
2022-01-14,22931048,620818
2022-01-15,22978996,620982
2022-01-16,23013464,621081
2022-01-17,23090645,621247
2022-01-18,23223894,621559
2022-01-19,23427610,621881
2022-01-20,23597495,622233
2022-01-21,23770091,622631
2022-01-22,23932488,622941
2022-01-23,24052788,623132
2022-01-24,24146537,623402
2022-01-25,24348216,623887
2022-01-26,24567119,624490
2022-01-27,24797402,625173
2022-01-28,25056851,625936
2022-01-29,25256881,626630
2022-01-30,25360260,626904
2022-01-31,25469640,627386
2022-02-01,25637699,628136
2022-02-02,25826177,629076
2022-02-03,26111573,630073
2022-02-04,26331006,631041
2022-02-05,26482149,631845
2022-02-06,26545586,632292
2022-02-07,26617814,632707
2022-02-08,26798366,633904
2022-02-09,26975732,635191
2022-02-10,27139889,636116
2022-02-11,27301639,637232
2022-02-12,27434797,638098
2022-02-13,27490420,638440
2022-02-14,27555180,638933
2022-02-15,27678981,639848
2022-02-16,27823200,640881
2022-02-17,27952725,641989
2022-02-18,28072857,643107
2022-02-19,28176572,643943
2022-02-20,28215213,644342
2022-02-21,28259056,644685
2022-02-22,28361618,645489
2022-02-23,28492430,646474
2022-02-24,28588870,647457
2022-02-25,28677660,648255
2022-02-26,28750502,648963
2022-02-27,28772639,649178
2022-02-28,28792591,649416
2022-03-01,28815006,649694
2022-03-02,28845141,650040
2022-03-03,28910685,650627
2022-03-04,28980944,651321
2022-03-05,29036074,651954
2022-03-06,29052235,652168
2022-03-07,29074089,652388
2022-03-08,29149221,652880
2022-03-09,29199569,653558
2022-03-10,29256575,654123
2022-03-11,29309997,654579
2022-03-12,29355785,654963
2022-03-13,29370338,655101
2022-03-14,29387179,655286
2022-03-15,29437346,655614
2022-03-16,29487921,655970
2022-03-17,29533462,656447
2022-03-18,29581434,656829
2022-03-19,29619622,657114
2022-03-20,29632684,657220
2022-03-21,29646096,657322
2022-03-22,29687494,657733
2022-03-23,29733741,658016
2022-03-24,29771019,658324
2022-03-25,29805015,658581
2022-03-26,29833318,658773
2022-03-27,29843255,658880
2022-03-28,29852341,658956
2022-03-29,29882397,659241
2022-03-30,29916334,659504
2022-03-31,29947895,659757
2022-04-01,29975165,660002
2022-04-02,29992227,660108
2022-04-03,29999437,660147
2022-04-04,30012798,660312
2022-04-05,30040129,660528
2022-04-06,30067249,660723
2022-04-07,30093751,660973
2022-04-08,30123963,661122
2022-04-09,30145192,661220
2022-04-10,30152402,661258
2022-04-11,30161205,661327
2022-04-12,30183929,661493
2022-04-13,30210853,661656
2022-04-14,30234024,661796
2022-04-15,30247302,661907
2022-04-16,30250077,661938
2022-04-17,30252618,661960
2022-04-18,30261088,662026
2022-04-19,30275219,662151
2022-04-20,30311969,662414
2022-04-21,30330629,662506
2022-04-22,30338697,662557
2022-04-23,30345654,662610
2022-04-24,30349463,662646
2022-04-25,30355919,662722
2022-04-26,30378061,662866
2022-04-27,30399004,663111
2022-04-28,30418920,663225
2022-04-29,30433042,663410
2022-04-30,30448236,663497
2022-05-01,30454499,663513
2022-05-02,30460997,663602
2022-05-03,30482429,663694
2022-05-04,30502501,663759
2022-05-05,30524183,663896
2022-05-06,30543908,664091
2022-05-07,30558530,664126
2022-05-08,30564536,664139
2022-05-09,30574245,664192
2022-05-10,30594388,664390
2022-05-11,30617786,664516
2022-05-12,30639130,664641
2022-05-13,30664739,664780
2022-05-14,30682094,664872
2022-05-15,30688390,664918
2022-05-16,30701900,664987
2022-05-17,30728286,665216
2022-05-18,30741811,665319
2022-05-19,30752226,665433
2022-05-20,30762413,665493
2022-05-21,30778607,665528
2022-05-22,30791220,665627
2022-05-23,30803995,665666
2022-05-24,30836815,665905
2022-05-25,30846602,666037
2022-05-26,30880512,666180
2022-05-27,30921145,666319
2022-05-28,30945384,666391
2022-05-29,30953579,666453
2022-05-30,30977661,666516
2022-05-31,31019038,666676
2022-06-01,31060017,666801
2022-06-02,31101290,666928
2022-06-03,31137479,666971
2022-06-04,31153069,666997
2022-06-05,31159335,667005
2022-06-06,31195118,667041
2022-06-07,31266163,667348
2022-06-08,31315777,667647
2022-06-09,31360850,667790
2022-06-10,31417341,667960
2022-06-11,31445137,668074
2022-06-12,31456865,668110
2022-06-13,31497038,668180
2022-06-14,31541479,668354
2022-06-15,31611769,668693
2022-06-16,31644703,668844
2022-06-17,31673375,668916
2022-06-18,31693502,669010
2022-06-19,31704193,669065
2022-06-20,31754465,669161
2022-06-21,31818827,669390
2022-06-22,31890733,669530
2022-06-23,31962782,669895
2022-06-24,32023166,670229
2022-06-25,32061959,670369
2022-06-26,32078638,670405
2022-06-27,32130316,670532
2022-06-28,32206954,670848
2022-06-29,32282879,671125
2022-06-30,32358018,671416
2022-07-01,32434063,671700
2022-07-02,32471847,671858
2022-07-03,32490422,671911
2022-07-04,32535923,672033
2022-07-05,32610514,672429
2022-07-06,32687680,672790
2022-07-07,32759730,673073
2022-07-08,32830844,673339
2022-07-09,32874501,673554
2022-07-10,32896464,673610
2022-07-11,32940507,673758
2022-07-12,33004555,674102
2022-07-13,33076779,674482
2022-07-14,33142158,674779
2022-07-15,33250117,675090
2022-07-16,33290266,675295
2022-07-17,33301118,675350
2022-07-18,33339815,675518
2022-07-19,33397814,675871
2022-07-20,33454294,676217
2022-07-21,33505727,676486
2022-07-22,33555526,676766
2022-07-23,33581533,676927
2022-07-24,33591356,676964
2022-07-25,33621965,677143
2022-07-26,33659879,677494
2022-07-27,33704393,677804
2022-07-28,33748985,678069
2022-07-29,33790698,678313
2022-07-30,33813587,678486
2022-07-31,33833900,678514
2022-08-01,33855964,678715
2022-08-02,33890428,679010
2022-08-03,33924061,679275
2022-08-04,33964494,679536
2022-08-05,33994470,679758
2022-08-06,34011173,679939
2022-08-07,34018371,679996
2022-08-08,34035780,680166
2022-08-09,34066000,680531
2022-08-10,34096935,680786
2022-08-11,34124579,681006
2022-08-12,34148131,681253
2022-08-13,34165857,681400
2022-08-14,34170286,681437
2022-08-15,34178240,681557
2022-08-16,34201280,681763
2022-08-17,34223207,682010
2022-08-18,34245374,682216
2022-08-19,34264237,682358
2022-08-20,34279785,682502
2022-08-21,34284864,682549
2022-08-22,34291082,682671
2022-08-23,34311323,682874
2022-08-24,34329600,683076
2022-08-25,34350639,683233
2022-08-26,34368909,683397
2022-08-27,34381295,683472
2022-08-28,34384747,683494
2022-08-29,34397205,683622
2022-08-30,34414011,683851
2022-08-31,34429853,683965
2022-09-01,34444674,684147
2022-09-02,34456145,684262
2022-09-03,34467867,684354
2022-09-04,34470776,684369
2022-09-05,34477539,684425
2022-09-06,34490931,684580
2022-09-07,34499823,684637
2022-09-08,34504029,684722
2022-09-09,34516739,684813
2022-09-10,34526148,684853
2022-09-11,34528625,684860
2022-09-12,34533957,684898
2022-09-13,34544377,685002
2022-09-14,34558902,685121
2022-09-15,34568833,685203
2022-09-16,34579085,685300
2022-09-17,34582063,685334
2022-09-18,34587047,685376
2022-09-19,34592027,685428
2022-09-20,34600768,685518
2022-09-21,34607947,685604
2022-09-22,34616655,685677
2022-09-23,34624427,685750
2022-09-24,34630994,685782
2022-09-25,34632220,685805
2022-09-26,34638288,685835
2022-09-27,34646577,685881
2022-09-28,34654190,685927
2022-09-29,34663731,685978
2022-09-30,34672524,686036
2022-10-01,34678510,686254
2022-10-02,34679533,686320
2022-10-03,34684529,686371
2022-10-04,34691896,686464
2022-10-05,34699017,686573
2022-10-06,34707233,686706
2022-10-07,34715137,686803
2022-10-08,34719025,686842
2022-10-09,34719507,686851
2022-10-10,34724189,686877
2022-10-11,34731539,686963
2022-10-12,34736653,687026
2022-10-13,34739865,687069
2022-10-14,34746462,687144
2022-10-15,34748678,687153
2022-10-16,34749058,687155
2022-10-17,34754590,687243
2022-10-18,34762873,687326
2022-10-19,34771320,687423
2022-10-20,34776259,687483
2022-10-21,34780462,687527
2022-10-22,34782150,687566
2022-10-23,34783786,687574
2022-10-24,34793309,687666
2022-10-25,34799324,687710
2022-10-26,34807075,687907
2022-10-27,34815258,687962
2022-10-28,34822227,688080
2022-10-29,34824069,688091
2022-10-30,34824866,688092
2022-10-31,34828749,688157
2022-11-01,34837035,688219
2022-11-02,34839337,688228
2022-11-03,34846308,688267
2022-11-04,34849063,688332
2022-11-05,34850373,688342
2022-11-06,34851450,688348
2022-11-07,34855492,688395
2022-11-08,34868153,688487
2022-11-09,34877559,688567
2022-11-10,34889576,688607
2022-11-11,34908198,688656
2022-11-12,34911937,688654
2022-11-13,34912931,688658
2022-11-14,34921054,688694
2022-11-15,34923127,688702
2022-11-16,34938073,688764
2022-11-17,34971043,688835
2022-11-18,34999495,688907
2022-11-19,35007209,688920
2022-11-20,35011534,688928
2022-11-21,35035294,689039
2022-11-22,35052152,689155
2022-11-23,35082036,689272
2022-11-24,35104673,689341
2022-11-25,35149503,689442
2022-11-26,35163004,689468
2022-11-27,35168201,689479
2022-11-28,35188586,689536
2022-11-29,35232625,689665
2022-11-30,35266159,689801
2022-12-01,35302137,689945
2022-12-02,35337546,690074
2022-12-03,35361773,690109
2022-12-04,35369105,690124
2022-12-05,35396191,690229
2022-12-06,35452099,690409
2022-12-07,35497781,690577
2022-12-08,35531716,690677
2022-12-09,35531716,690677
2022-12-10,35570761,690747
2022-12-11,35577538,690754
2022-12-12,35643770,691015
2022-12-13,35696918,691178
2022-12-14,35751411,691449
2022-12-15,35809832,691652
2022-12-16,35869526,691810
2022-12-17,35892110,691863
2022-12-18,35901978,691883
2022-12-19,35945063,692041
2022-12-20,36001760,692280
2022-12-21,36044441,692461
2022-12-22,36092845,692652
2022-12-23,36124337,692743
2022-12-24,36124337,692743
2022-12-25,36124337,692743
2022-12-26,36190389,692969
2022-12-27,36226287,693199
2022-12-28,36264721,693562
2022-12-29,36302415,693734
2022-12-30,36331281,693853
2022-12-31,36331281,693853
2023-01-01,36331281,693853
2023-01-02,36362366,693981
2023-01-03,36390423,694192
2023-01-04,36423138,694411
2023-01-05,36450812,694569
2023-01-06,36477214,694779
2023-01-07,36488386,694806
2023-01-08,36490050,694817
2023-01-09,36511286,694917
2023-01-10,36552432,694985
2023-01-11,36578865,695088
2023-01-12,36597935,695236
2023-01-13,36620371,695314
2023-01-14,36624714,695338
2023-01-15,36628099,695343
2023-01-16,36640787,695410
2023-01-17,36665047,695524
2023-01-18,36677844,695615
2023-01-19,36698875,696087
2023-01-20,36712851,696188
2023-01-21,36717501,696254
2023-01-22,36718053,696257
2023-01-23,36730913,696324
2023-01-24,36751410,696485
2023-01-25,36768677,696603
2023-01-26,36780127,696696
2023-01-27,36791267,696742
2023-01-28,36793778,696757
2023-01-29,36794261,696759
2023-01-30,36807814,696892
2023-01-31,36824580,697074
2023-02-01,36837943,697200
2023-02-02,36857916,697248
2023-02-03,36866658,697345
2023-02-04,36868219,697360
2023-02-05,36868946,697361
2023-02-06,36878774,697439
2023-02-07,36887991,697533
2023-02-08,36907890,697583
2023-02-09,36917623,697620
2023-02-10,36930339,697662
2023-02-11,36932532,697674
2023-02-12,36932830,697674
2023-02-13,36953492,697762
2023-02-14,36949318,697848
2023-02-15,36960888,697894
2023-02-16,36970513,698014
2023-02-17,36987682,698047
2023-02-18,36989373,698056
2023-02-19,36989857,698056
2023-02-20,36990274,698058
2023-02-21,36992154,698069
2023-02-22,36997328,698381
2023-02-23,37008944,698834
2023-02-24,37020531,698928
2023-02-25,37020531,698928
2023-02-26,37020531,698928
2023-02-27,37038230,699006
2023-02-28,37052936,699087
2023-03-01,37063464,699197
2023-03-02,37063464,699197
2023-03-03,37076053,699276
2023-03-04,37076053,699276
2023-03-05,37076053,699276
2023-03-06,37076053,699276
2023-03-07,37076053,699276
2023-03-08,37076053,699276
2023-03-09,37076053,699276
2023-03-10,37085520,699310
2023-03-11,37085520,699310
2023-03-12,37085520,699310
2023-03-13,37085520,699310
2023-03-14,37085520,699310
2023-03-15,37085520,699310
2023-03-16,37085520,699310
2023-03-17,37085520,699310
2023-03-18,37085520,699310
